사업장명,영업상태명,지번주소,도로명주소,위도,경도,행정동명
씨유 신림CS점,영업/정상,서울특별시 관악구 신림동 1474-10,"서울특별시 관악구 남부순환로 1456, 1층 (신림동)",37.4811653303462,126.912604470065,미성동
씨유 봉천두산점,영업/정상,서울특별시 관악구 봉천동 924-1,"서울특별시 관악구 봉천로33길 8, 101호, 102호 (봉천동)",37.4835444297076,126.943885595879,은천동
씨유 관악선경점,영업/정상,서울특별시 관악구 신림동 231-21,"서울특별시 관악구 신림로3가길 41, 1층 (신림동)",37.4688095794569,126.942185485941,대학동
세븐일레븐 서울낙성현대점,영업/정상,서울특별시 관악구 봉천동 151-2 원촌로즈빌,"서울특별시 관악구 솔밭로7길 21, 원촌로즈빌 지하1층 B01호 (봉천동)",37.4804058979988,126.963252872635,행운동
씨유 신림4동점,영업/정상,서울특별시 관악구 신림동 480-2,"서울특별시 관악구 조원로 143, 1층 (신림동)",37.4857360855099,126.918182108739,신사동
세븐일레븐 신림조원원룸점,영업/정상,서울특별시 관악구 신림동 570-16,"서울특별시 관악구 남부순환로131길 35, 1층 (신림동)",37.4819944660045,126.906861628246,조원동
(주)코리아세븐 뉴낙성대점,영업/정상,서울특별시 관악구 봉천동 1690-153,"서울특별시 관악구 남부순환로 1953, 1층 (봉천동)",37.47632151749,126.966222198975,행운동
주식회사 지에스25신림서부,영업/정상,서울특별시 관악구 신림동 1637-26 삼양타운,"서울특별시 관악구 신원로 34, 삼양타운 1층 (신림동)",37.4818206708457,126.929215594935,서원동
지에스(GS)25 관악세봉점,영업/정상,서울특별시 관악구 봉천동 1591-2 서울대입구삼성아파트,"서울특별시 관악구 관악로 125, 상가 101호 (봉천동, 서울대입구삼성아파트)",37.4764721426091,126.952079961311,청룡동
지에스(GS)25 관악배수지,영업/정상,서울특별시 관악구 신림동 646-273,"서울특별시 관악구 난곡로26길 89, 지하1층 (신림동)",37.469314948051,126.924448028499,난곡동
세븐일레븐 관악복은길점,영업/정상,서울특별시 관악구 신림동 106-41,"서울특별시 관악구 복은길 12, 1층 (신림동)",37.4741249275203,126.93643095973,서림동
지에스25 신림관천로점,영업/정상,서울특별시 관악구 신림동 459-4,서울특별시 관악구 관천로 107(신림동),37.4878029044799,126.921769186937,신사동
(주)코리아세븐 서울대벤처타운점,영업/정상,서울특별시 관악구 신림동 116-20,"서울특별시 관악구 신림로 140, 1층 (신림동)",37.4718303610715,126.93435453118,서림동
씨유 신림블루점,영업/정상,서울특별시 관악구 신림동 103-122,"서울특별시 관악구 서림길 112, 1층 (신림동)",37.4713838951017,126.939914434321,서림동
씨유 관악봉천로점,영업/정상,서울특별시 관악구 봉천동 965-1 아뜰어린이집,"서울특별시 관악구 봉천로23다길 23, 1층 (봉천동)",37.4875030365434,126.93697050613,보라매동
씨유(CU)관악사랑점,영업/정상,서울특별시 관악구 신림동 247-2,"서울특별시 관악구 대학길 52, 1층 (신림동)",37.4682688699968,126.937556388983,대학동
세븐일레븐 관악조원로점,영업/정상,서울특별시 관악구 신림동 534-8 한차임빌,"서울특별시 관악구 조원로17길 20, 1층 (신림동, 한차임빌)",37.4853347543356,126.910925536387,조원동
씨유 관악고시촌점,영업/정상,서울특별시 관악구 신림동 255-35,"서울특별시 관악구 대학14길 15, 1층 (신림동)",37.4663257530703,126.936715865639,대학동
(주)코리아세븐 신림드림점,영업/정상,서울특별시 관악구 신림동 606-1,서울특별시 관악구 난우길 29(신림동),37.4754569892979,126.917883664629,미성동
(주)코리아세븐 관악남현길점,영업/정상,서울특별시 관악구 남현동 1082-37,"서울특별시 관악구 남현길 58, 1층 (남현동)",37.4743022250306,126.976014331967,남현동
씨유 관악으뜸점,영업/정상,서울특별시 관악구 신림동 1554-33 부형원룸,"서울특별시 관악구 호암로20길 43, 부형원룸 (신림동)",37.4674654659189,126.934445954499,대학동
지에스(GS)25신림으뜸점,영업/정상,서울특별시 관악구 신림동 108-80,"서울특별시 관악구 복은4길 56, 1층,2층 (신림동)",37.4728896416272,126.936933264057,서림동
지에스25뉴봉천한아름,영업/정상,서울특별시 관악구 봉천동 932-1,"서울특별시 관악구 봉천로31길 6, 103, 104, 105호 (봉천동)",37.4839898410815,126.941557923112,은천동
주식회사 지에스25 봉천메트로,영업/정상,서울특별시 관악구 봉천동 870-13 신원메트로빌,"서울특별시 관악구 남부순환로 1811, 신원메트로빌 101호 (봉천동)",37.4817481992415,126.951459046892,중앙동
서울관악지역자활센터 GS25신림대학점,영업/정상,서울특별시 관악구 신림동 1524-4,"서울특별시 관악구 신림로23길 22, 1층 (신림동)",37.470004623759,126.934643712742,대학동
지에스25 관악드림타운점,영업/정상,서울특별시 관악구 봉천동 1712-1 관악드림타운아파트,"서울특별시 관악구 구암길 98, 관악드림타운아파트 분산상가동 1층 105,106,109,110호 (봉천동)",37.4917462810627,126.947156097534,성현동
씨유 관악은천로점,영업/정상,서울특별시 관악구 봉천동 956-2,"서울특별시 관악구 은천로 24, 1층 (봉천동)",37.4861148057584,126.937901209976,은천동
세븐일레븐 신림별빛거리점,영업/정상,서울특별시 관악구 신림동 1587-24,"서울특별시 관악구 관천로 29-1, 1층 (신림동)",37.4823688689778,126.927473115845,신원동
씨유 관악뉴포레점,영업/정상,서울특별시 관악구 신림동 1644-1,"서울특별시 관악구 조원로 5-14, 1층 (신림동)",37.4840592690026,126.903667903075,조원동
지에스25 신림복은점,영업/정상,서울특별시 관악구 신림동 99-29,"서울특별시 관악구 복은길 60, 1층 (신림동)",37.4745239072927,126.939194045505,서림동
씨유 관악동방점,영업/정상,서울특별시 관악구 신림동 1554,"서울특별시 관악구 신림로23길 49, 1층 (신림동)",37.4687286673731,126.934743057508,대학동
GS25 현대시장점,영업/정상,서울특별시 관악구 봉천동 493-4 현대팰리스,"서울특별시 관악구 양녕로 62, 1층 103호 (봉천동, 현대팰리스)",37.4875706034997,126.946848433341,성현동
GS25 신림고시촌점,영업/정상,서울특별시 관악구 신림동 1546-5,"서울특별시 관악구 신림로19길 46-8, 1층 (신림동)",37.4684921546801,126.935239178886,대학동
지에스25 관악미래점,영업/정상,서울특별시 관악구 신림동 1563-66,"서울특별시 관악구 미성길 27, 1층 (신림동)",37.474614830366,126.915602984091,미성동
주식회사 지에스25신림역,영업/정상,서울특별시 관악구 신림동 1422-38 재상빌딩,"서울특별시 관악구 남부순환로 1617, 재상빌딩 1층 (신림동)",37.4845706415993,126.930280799083,신림동
(주)코리아세븐 관악봉천로점,영업/정상,서울특별시 관악구 봉천동 1661-4,"서울특별시 관악구 남부순환로 1904, 지상 1층 101호 (봉천동)",37.477865578487,126.960689887727,낙성대동
(주)코리아세븐 봉천남부점,영업/정상,서울특별시 관악구 봉천동 930-39 은혜빌딩,"서울특별시 관악구 남부순환로 1716, 은혜빌딩 지상1층 (봉천동)",37.4825397376028,126.940613730465,청룡동
(주)코리아세븐 서울대제일점,영업/정상,서울특별시 관악구 봉천동 857-1,"서울특별시 관악구 남부순환로 1830, 제지상1층 101호 (봉천동)",37.4807765220933,126.953172883235,낙성대동
(주)지에스25신림누리,영업/정상,서울특별시 관악구 신림동 1438-12 로데오오피스텔,"서울특별시 관악구 신림동5가길 16, 로데오오피스텔 1층 101호 (신림동)",37.4867194585284,126.926277609124,신림동
GS25 신림터널점,영업/정상,서울특별시 관악구 신림동 1629번지 1호,서울특별시 관악구 문성로 214 (신림동),37.4791564660541,126.927561353474,신원동
GS25 관악푸르지오점,영업/정상,서울특별시 관악구 봉천동 16번지 6호,서울특별시 관악구 관악로30길 17 (봉천동),37.4865570381086,126.959006254254,청림동
GS25 봉천탑골점,영업/정상,서울특별시 관악구 봉천동 738번지 10호 101호,"서울특별시 관악구 낙성대로3길 23, 101호 (봉천동)",37.4742341957731,126.960291250802,낙성대동
GS25 신림골드점,영업/정상,서울특별시 관악구 신림동 1651번지 11호,서울특별시 관악구 조원로 34 (신림동),37.4832465481286,126.90611622383,조원동
GS25 봉천근화점,영업/정상,서울특별시 관악구 봉천동 196번지 129호,서울특별시 관악구 낙성대역8길 1 (봉천동),37.4744769303203,126.96336690493,인헌동
코리아세븐 서울대서진점,영업/정상,서울특별시 관악구 봉천동 868번지 1호,"서울특별시 관악구 관악로17길 3 (봉천동, 서진빌딩)",37.4806435864637,126.951517874514,청룡동
세븐일레븐 관악대성점,영업/정상,서울특별시 관악구 남현동 1072-23,"서울특별시 관악구 남부순환로256라길 2, 1층 (남현동)",37.4728956039326,126.97405225484,남현동
씨유 뉴봉천역점,영업/정상,서울특별시 관악구 봉천동 927-3 제형빌딩,"서울특별시 관악구 남부순환로 1738, 제형빌딩 1층 (봉천동)",37.4819705833427,126.943018566503,청룡동
세븐일레븐 신림타임스트림점,영업/정상,서울특별시 관악구 신림동 1641-107,"서울특별시 관악구 신림로 328, 1층 (신림동)",37.4834547467373,126.929982893039,서원동
씨유 신림버디점,영업/정상,서울특별시 관악구 신림동 1516-2,"서울특별시 관악구 신림로 107, 1층 (신림동)",37.470531403239,126.937396243678,대학동
지에스(GS)25 인헌마루점,영업/정상,서울특별시 관악구 봉천동 180-205,"서울특별시 관악구 인헌길 141, 1층 (봉천동)",37.4695573963376,126.96862945703,인헌동
씨유 신화교힐스점,영업/정상,서울특별시 관악구 신림동 408-137 금호상가,"서울특별시 관악구 신림로31길 7, 금호상가 1층 (신림동)",37.4754709062234,126.935856982028,서림동
씨유 신림동보점,영업/정상,서울특별시 관악구 신림동 1464-65,"서울특별시 관악구 남부순환로 1561, 1층 (신림동)",37.4837614227021,126.923962002434,신사동
씨유 관악센트씨엘점,영업/정상,서울특별시 관악구 봉천동 1736-4,"서울특별시 관악구 양녕로16길 8, 1층 (봉천동)",37.489876940363,126.946113172855,성현동
씨유 뉴관악두산점,영업/정상,서울특별시 관악구 봉천동 902-18,서울특별시 관악구 은천로 80 (봉천동),37.4865575693932,126.944240302137,은천동
지에스(GS)25 관악대원점,영업/정상,서울특별시 관악구 봉천동 180-422 새진아파트,"서울특별시 관악구 인헌16길 47, 지하1층 (봉천동, 새진아파트)",37.4692648813505,126.965549488503,인헌동
GS25 봉천가온점,영업/정상,서울특별시 관악구 봉천동 890-13,"서울특별시 관악구 양녕로6길 12, 1층 (봉천동)",37.4845659947201,126.94741476299,중앙동
지에스(GS)25 관악보라매점,영업/정상,서울특별시 관악구 봉천동 702-108 동방파레스,"서울특별시 관악구 보라매로3길 17, 102호 (봉천동, 동방파레스)",37.4913182403557,126.926195745169,보라매동
세븐일레븐 봉천제일점,영업/정상,,서울특별시 관악구 남부순환로 1932 (봉천동),37.4768194334572,126.96355399757,인헌동
GS25 신림성화점,영업/정상,서울특별시 관악구 신림동 1587번지 2호,서울특별시 관악구 남부순환로 1578 (신림동),37.48351417723,126.925933989055,신원동
세븐일레븐 신림본점,영업/정상,서울특별시 관악구 신림동 1641번지 99호,서울특별시 관악구 신림로 270 (신림동),37.478998370514,126.932168278055,서원동
GS25 관악한빛점,영업/정상,,"서울특별시 관악구 봉천로 455, 101호 (봉천동)",37.4826577685701,126.950591940061,중앙동
세븐일레븐 신림허브그린점,영업/정상,서울특별시 관악구 신림동 1421번지 29호,서울특별시 관악구 신림로 344 (신림동),37.4851501707989,126.929977240424,신림동
GS25 봉천은천점,영업/정상,서울특별시 관악구 봉천동 911번지 1호,서울특별시 관악구 양녕로1길 19 (봉천동),37.4834779516158,126.945264921874,은천동
GS25 신림신성점,영업/정상,서울특별시 관악구 신림동 103번지 109호,"서울특별시 관악구 서림길 96 (신림동, 씨티원룸)",37.4719584205523,126.939290066141,서림동
CU 관악행운점,영업/정상,서울특별시 관악구 신림동 122번지 4호,서울특별시 관악구 신림로12길 13 (신림동),37.4716383059322,126.938274259858,서림동
CU 관악드림점,영업/정상,서울특별시 관악구 봉천동 1712번지,"서울특별시 관악구 성현로 80 (봉천동, 관악드림타운아파트)",37.4898474387668,126.952985510916,성현동
GS25 신림석류점,영업/정상,서울특별시 관악구 신림동 477번지 8호,서울특별시 관악구 신사로22길 48 (신림동),37.4871283564356,126.918100310522,신사동
씨유 보라매우리점,영업/정상,서울특별시 관악구 봉천동 968-44,"서울특별시 관악구 봉천로 275, 1층 (봉천동)",37.4879610378339,126.931968971051,보라매동
씨유 관악하늘점,영업/정상,서울특별시 관악구 봉천동 179-58 낙성대현대아파트,"서울특별시 관악구 인헌길 68, 낙성대현대아파트 B동 1층 (봉천동)",37.4723656704257,126.966353193028,인헌동
지에스25 신림로마점,영업/정상,서울특별시 관악구 신림동 10-401,"서울특별시 관악구 남부순환로194길 11, 1층 (신림동)",37.4841457679193,126.934935091162,서원동
씨유(CU) 서울대서연점,영업/정상,서울특별시 관악구 봉천동 1597-24 서울법학원,"서울특별시 관악구 관악로 132, 서울법학원 1층 (봉천동)",37.4770139973479,126.952720071703,낙성대동
씨유 신림역최강점,영업/정상,서울특별시 관악구 신림동 1745 최강타워,"서울특별시 관악구 남부순환로180길 6, 1층 105호 (신림동, 최강타워)",37.4837589483107,126.930629680819,서원동
지에스25 관악남현로점,영업/정상,서울특별시 관악구 남현동 1086-40,"서울특별시 관악구 남부순환로272길 42, 1층 (남현동)",37.4746738056249,126.978369300974,남현동
씨유 관악퍼스트점,영업/정상,서울특별시 관악구 봉천동 196-63,"서울특별시 관악구 낙성대역14길 3, 1층 (봉천동)",37.4738934262169,126.96451510215,인헌동
지에스25 관악성지점,영업/정상,서울특별시 관악구 신림동 94-36 서림도시형생활주택,"서울특별시 관악구 쑥고개로 2, 1층 101호 (신림동, 서림도시형생활주택)",37.4769757621661,126.937689898558,서림동
지에스25 낙성베스트점,영업/정상,서울특별시 관악구 봉천동 1642-16 영빌딩,"서울특별시 관악구 인헌길 35, 영빌딩 1층 (봉천동)",37.4738875513983,126.966937206754,인헌동
씨유 관악은천점,영업/정상,서울특별시 관악구 봉천동 466-75,"서울특별시 관악구 은천로25길 7, 1층 (봉천동)",37.4871105755839,126.948952316827,성현동
지에스25 뉴관악서원점,영업/정상,서울특별시 관악구 신림동 11-18,"서울특별시 관악구 남부순환로 1626-1, 지층 (신림동)",37.4841994200736,126.931347467403,서원동
씨유 서울대 우신점,영업/정상,서울특별시 관악구 봉천동 1602-1,"서울특별시 관악구 관악로16길 26, 1층 (봉천동)",37.4800366587974,126.953976180577,낙성대동
지에스(GS)25 난향타운점,영업/정상,서울특별시 관악구 신림동 674-1,"서울특별시 관악구 난향7길 2, 1층 (신림동)",37.4624656550806,126.915929742846,난향동
이마트24 신림에이스점,영업/정상,서울특별시 관악구 신림동 1432-135,"서울특별시 관악구 신림동5길 33, 1층 (신림동)",37.485735613553,126.927679941836,신림동
CU 관악누리에뜰점,영업/정상,서울특별시 관악구 봉천동 622-3 은천누리에뜰,"서울특별시 관악구 은천로 61, 1층 (봉천동, 은천누리에뜰)",37.4863805612294,126.942260028869,은천동
씨유 난곡점,영업/정상,서울특별시 관악구 신림동 646-67,"서울특별시 관악구 난곡로26길 61, 지하1층 (신림동)",37.470097691378,126.923244786026,난곡동
세븐일레븐 관악일등점,영업/정상,서울특별시 관악구 신림동 487-12,"서울특별시 관악구 관천로11길 87, 1층 (신림동)",37.4833679840905,126.920051838571,신사동
씨유 관악우림점,영업/정상,서울특별시 관악구 신림동 655-39,"서울특별시 관악구 난곡로24길 34, 1층 (신림동)",37.4688695704748,126.921126378409,난곡동
(주)코리아세븐 관악낙성대점,영업/정상,서울특별시 관악구 봉천동 1680-11,"서울특별시 관악구 남부순환로 1895, 1층 (봉천동)",37.4787202306311,126.960284807111,행운동
씨유 관악 신사점,영업/정상,서울특별시 관악구 신림동 525-26,"서울특별시 관악구 관천로11길 160, 1층 (신림동)",37.4828823518203,126.916041305143,신사동
지에스25 난우타운점,영업/정상,서울특별시 관악구 신림동 598-21 동명아트빌2차,"서울특별시 관악구 법원단지5다길 16, 지층 1호 (신림동, 동명아트빌2차)",37.4773585280749,126.921128876142,미성동
GS25 남현번영점,영업/정상,서울특별시 관악구 남현동 602번지 38호,서울특별시 관악구 승방4길 27 (남현동),37.4748763530926,126.980439446302,남현동
GS25 관악원앙점,영업/정상,서울특별시 관악구 봉천동 878번지 1호,"서울특별시 관악구 남부순환로218길 46 (봉천동, 영맨션)",37.4793834533004,126.950047344898,청룡동
씨유 관악구로공단점,영업/정상,서울특별시 관악구 신림동 1655번지 2호,"서울특별시 관악구 조원로 6 (신림동, 정화빌딩)",37.4834043794316,126.902743197396,조원동
GS25 남현태양점,영업/정상,서울특별시 관악구 남현동 1054번지 37호,서울특별시 관악구 남부순환로260길 36 (남현동),37.4746402980013,126.972366055366,남현동
CU 관악우체국점,영업/정상,서울특별시 관악구 신림동 1412번지 1호,서울특별시 관악구 남부순환로187길 9 (신림동),37.4852570104422,126.933370405669,신림동
GS25 관악대학점,영업/정상,서울특별시 관악구 신림동 235번지 15호,서울특별시 관악구 신림로7나길 3 (신림동),37.4698233334085,126.941325908945,대학동
GS25 신림타운점,영업/정상,"서울특별시 관악구 신림동 1421번지 35호 ,38 호","서울특별시 관악구 신림로64길 23 (신림동, 세라톤)",37.4852226853822,126.931021236392,신림동
지에스25더관악,영업/정상,서울특별시 관악구 신림동 1433-51,"서울특별시 관악구 남부순환로 1599-3, 1층 (신림동)",37.4844850129696,126.928269204662,신림동
CU 신림역점,영업/정상,서울특별시 관악구 신림동 1640번지 48호,"서울특별시 관악구 신림로 323 (신림동, 신광빌딩)",37.4832285155747,126.929548484921,서원동
GS25 관악한일점,영업/정상,서울특별시 관악구 남현동 602번지 11호,"서울특별시 관악구 승방2길 2 (남현동, 램파트호텔)",37.4739599934524,126.981353358231,남현동
GS25 뉴관악청룡점,영업/정상,서울특별시 관악구 봉천동 1573-1,서울특별시 관악구 쑥고개로 112(봉천동),37.4789087410209,126.948852639757,청룡동
CU 관악블루점,영업/정상,서울특별시 관악구 봉천동 898번지 1호,서울특별시 관악구 남부순환로214길 46 (봉천동),37.4796640032795,126.947295190112,청룡동
지에스25 신림양지점,영업/정상,서울특별시 관악구 신림동 1424번지 4호,서울특별시 관악구 신림로68길 10 (신림동),37.4864304668985,126.929915779623,신림동
GS25 봉천한가온,영업/정상,서울특별시 관악구 봉천동 41번지 538호,서울특별시 관악구 중앙길 38 (봉천동),37.4844798376769,126.952694450169,중앙동
CU 관악스위트점,영업/정상,서울특별시 관악구 신림동 1417번지 43호,"서울특별시 관악구 봉천로14길 17 (신림동, 도안스위트빌)",37.4874933212536,126.930416029315,신림동
GS25 신림본점,영업/정상,서울특별시 관악구 신림동 1433번지 114호,서울특별시 관악구 남부순환로 1589 (신림동),37.4842288229092,126.927183565437,신림동
GS25 봉천번영점,영업/정상,서울특별시 관악구 봉천동 1617번지 1호,서울특별시 관악구 관악로14가길 45 (봉천동),37.4764454785134,126.955552548346,낙성대동
GS25 신림수성점,영업/정상,서울특별시 관악구 신림동 507번지 31호,서울특별시 관악구 남부순환로 1507 (신림동),37.482725756528,126.917965256661,신사동
CU 서울대파인점,영업/정상,서울특별시 관악구 봉천동 882번지 1호,서울특별시 관악구 청룡1길 46 (봉천동),37.4809234987217,126.948878627216,청룡동
CU 관악중앙점,영업/정상,서울특별시 관악구 봉천동 56번지 98호,서울특별시 관악구 중앙길 5 (봉천동),37.4836131596001,126.953838422014,중앙동
CU 신대방역점,영업/정상,서울특별시 관악구 신림동 516번지 28호,서울특별시 관악구 난곡로 360 (신림동),37.4861757097949,126.913902768683,신사동
GS25 신림왕성점,영업/정상,서울특별시 관악구 신림동 1641번지 38호,서울특별시 관악구 신림로 304 (신림동),37.481363738335,126.93022385624,서원동
씨유 보라매당곡점,영업/정상,서울특별시 관악구 봉천동 1511-22,"서울특별시 관악구 봉천로21길 41, 1층 (봉천동)",37.4887831449019,126.934083928594,보라매동
세븐일레븐 신림가야점,영업/정상,서울특별시 관악구 신림동 1414번지 32호 101호,"서울특별시 관악구 신림로66길 47, 101호 (신림동)",37.485876861622,126.932344438687,신림동
CU 관악동원점,영업/정상,서울특별시 관악구 신림동 1556번지,"서울특별시 관악구 호암로26가길 43 (신림동, 관리형독서실)",37.4688997766138,126.933303761717,대학동
세븐일레븐 남현르메이에르점,영업/정상,서울특별시 관악구 남현동 1061번지 18호,"서울특별시 관악구 과천대로 939 (남현동, 르메이에르강남타운2)",37.4743771732195,126.981430242321,남현동
세븐일레븐 봉천4호점,영업/정상,서울특별시 관악구 봉천동 1633번지 21호,서울특별시 관악구 남부순환로246길 30 (봉천동),37.4753103098106,126.964069118849,인헌동
세븐일레븐 관악중앙점,영업/정상,서울특별시 관악구 봉천동 34번지 41호,서울특별시 관악구 관악로 227 (봉천동),37.4849391795696,126.955258857188,중앙동
세븐일레븐 신림라이프점,영업/정상,서울특별시 관악구 신림동 746번지 1호,서울특별시 관악구 문성로16길 20 (신림동),37.4766972281626,126.913340909739,미성동
GS25 봉천동부점,영업/정상,서울특별시 관악구 봉천동 1719번지 1호 105호,"서울특별시 관악구 은천로 143, 105호 (봉천동, 관악동부센트레빌아파트)",37.4866312249968,126.951265478693,성현동
CU 신림인석점,영업/정상,서울특별시 관악구 신림동 1628번지 89호,"서울특별시 관악구 문성로 217 (신림동, 인석독서실)",37.479461371766,126.927862812653,신원동
세븐일레븐 봉천1호점,영업/정상,서울특별시 관악구 봉천동 913번지 1호,"서울특별시 관악구 남부순환로 1766 (봉천동, 고시원독서실)",37.481700832272,126.946114635644,청룡동
세븐일레븐 서울대입구역점,영업/정상,서울특별시 관악구 봉천동 862번지 1호,"서울특별시 관악구 남부순환로 1820 (봉천동, 에그엘로우)",37.4809479979455,126.952083773717,청룡동
GS25 신림제일점,영업/정상,서울특별시 관악구 신림동 1442번지 4호,서울특별시 관악구 관천로22길 79 (신림동),37.4886384198041,126.926849113799,신림동
씨유 행운야베스점,영업/정상,서울특별시 관악구 봉천동 1680번지 24호 101호,"서울특별시 관악구 행운2길 46, 1층 101호 (봉천동, 참오피스텔)",37.4785948845152,126.96132387049,행운동
GS25 봉천제일점,영업/정상,서울특별시 관악구 봉천동 896번지 10호,서울특별시 관악구 청룡3길 22 (봉천동),37.4805772354693,126.947428751307,청룡동
GS25 신림신사점,영업/정상,서울특별시 관악구 신림동 515번지 1호,서울특별시 관악구 난곡로74길 22 (신림동),37.4859302646787,126.915008180668,신사동
GS25 신림서원점,영업/정상,서울특별시 관악구 신림동 10번지 311호,서울특별시 관악구 신림로58길 36 (신림동),37.4823229267912,126.931878658146,서원동
GS25 관악봉천점,영업/정상,서울특별시 관악구 봉천동 876번지 1호,"서울특별시 관악구 관악로17길 25 (봉천동, 그린피아오피스텔)",37.4806955912288,126.95025710316,청룡동
지에스25 사당네스코,영업/정상,서울특별시 관악구 남현동 1058-16 101호,"서울특별시 관악구 남부순환로 2064, 101호 (남현동)",37.4764021630158,126.978098942823,남현동
GS25 관악장군점,영업/정상,,서울특별시 관악구 장군봉2길 45 (봉천동),37.4832153401546,126.937861662897,청룡동
코리아세븐 신사시장점,영업/정상,서울특별시 관악구 신림동 511번지 4호,서울특별시 관악구 남부순환로153길 35 (신림동),37.4840565684833,126.916327064641,신사동
곰할인마트3,영업/정상,서울특별시 관악구 신림동 96번지 3호,서울특별시 관악구 신림로 206 (신림동),37.4756288046285,126.937446935701,서림동
(주)코리아세븐 신림푸리마점,영업/정상,서울특별시 관악구 신림동 1639-51 푸리마타운,"서울특별시 관악구 관천로 38, 101호 (신림동, 푸리마타운)",37.4833434025177,126.927477487881,서원동
(주)코리아세븐 관악힐스테이트점,영업/정상,서울특별시 관악구 신림동 1644-2,"서울특별시 관악구 조원로 15-2, 1층 (신림동)",37.4839712189799,126.903973518877,조원동
지에스25 뉴관악예은,영업/정상,서울특별시 관악구 봉천동 854-5 101호,"서울특별시 관악구 남부순환로224길 21, 101호 (봉천동)",37.4799271224785,126.953354195192,낙성대동
씨유 관악신도점,영업/정상,서울특별시 관악구 신림동 561-5,"서울특별시 관악구 조원로 58, 1층 (신림동)",37.4835201019023,126.908888115875,조원동
지에스(GS)25 관악해바라기점,영업/정상,서울특별시 관악구 봉천동 1500 2~3호,"서울특별시 관악구 보라매로6길 33, 2~3호 (봉천동, 해바라기아파트)",37.4930636636016,126.928976000687,보라매동
씨유관악낙성점,영업/정상,서울특별시 관악구 봉천동 1685-29,"서울특별시 관악구 솔밭로 5, 1층 (봉천동)",37.478183524472,126.962569741548,행운동
씨유 인헌센트럴점,영업/정상,서울특별시 관악구 봉천동 1639-1,"서울특별시 관악구 인헌6길 15, 1층 103호 (봉천동)",37.4737750824086,126.965905335066,인헌동
CU 신림장미점,영업/정상,서울특별시 관악구 신림동 237-27,"서울특별시 관악구 신림로 73, 1층 (신림동)",37.4704573469492,126.941270360429,대학동
지에스(GS25)신림도림점,영업/정상,서울특별시 관악구 신림동 112-41,"서울특별시 관악구 신림로 160, 1층 (신림동)",37.4731476614215,126.933750827236,서림동
지에스25 관악문성,영업/정상,서울특별시 관악구 신림동 1477-7,"서울특별시 관악구 문성로 91, 1층 101호 (신림동)",37.4776684595007,126.913755947104,미성동
그랜드마트,영업/정상,서울특별시 관악구 신림동 255-110,"서울특별시 관악구 대학14길 6, 1층 (신림동)",37.4662622530963,126.937432697971,대학동
세븐일레븐 관악행운길점,영업/정상,서울특별시 관악구 봉천동 100-324 101호,"서울특별시 관악구 행운6길 2, 101호 (봉천동)",37.4811251517046,126.960128866619,행운동
제일 소비자 유통,영업/정상,서울특별시 관악구 신림동 255번지 270호,서울특별시 관악구 대학14길 28 (신림동),37.4666122898112,126.936241311245,대학동
GS25 신림금성점,영업/정상,서울특별시 관악구 신림동 1570번지 9호,서울특별시 관악구 남부순환로 1508 (신림동),37.4822481666579,126.918275457904,미성동
GS25 행운중앙점,영업/정상,서울특별시 관악구 봉천동 1687번지 1호 101호,"서울특별시 관악구 솔밭로2길 24, 101호 (봉천동, 에버그린오피스텔)",37.4775640671136,126.963976125463,행운동
CU 관악조원점,영업/정상,서울특별시 관악구 신림동 542번지 14호,서울특별시 관악구 조원중앙로2길 111 (신림동),37.4819326405751,126.910930366642,조원동
CU 관악건영점,영업/정상,서울특별시 관악구 신림동 511번지 17호,서울특별시 관악구 남부순환로161가길 71 (신림동),37.484407533494,126.914844942227,신사동
CU 관악신림로점,영업/정상,서울특별시 관악구 신림동 1424번지 11호,서울특별시 관악구 신림로 356 (신림동),37.4861105610582,126.929683383167,신림동
세븐일레븐 관악신사점,영업/정상,서울특별시 관악구 신림동 527번지 1호,서울특별시 관악구 난곡로 318 (신림동),37.4824196130979,126.91468461363,신사동
채널큐 신림로데오점,영업/정상,서울특별시 관악구 신림동 1432번지 1호 101호,"서울특별시 관악구 신림동길 7-1, 101호 (신림동, 영지오피스텔)",37.4872013649081,126.927813421746,신림동
GS25 관악휴먼시아점,영업/정상,서울특별시 관악구 신림동 1735번지 3호,"서울특별시 관악구 난곡로 53 (신림동, 관악산휴먼시아)",37.4602221608432,126.919326648265,난향동
CU 관악당곡점,영업/정상,서울특별시 관악구 봉천동 702번지 36호,서울특별시 관악구 보라매로 20 (봉천동),37.4911599343742,126.927360360339,보라매동
GS25 보라매타운점,영업/정상,서울특별시 관악구 봉천동 729번지 24호 104호,"서울특별시 관악구 보라매로5가길 7, 104호 (봉천동, 캐릭터그린빌)",37.4919012411973,126.925413241412,보라매동
지에스25서원성당,영업/정상,서울특별시 관악구 신림동 92-32 서원동성당,"서울특별시 관악구 신림로46길 1, 서원동성당 가동 지1층 1,2호 (신림동)",37.4784569907315,126.933022235665,서원동
GS25 관악현대점,영업/정상,서울특별시 관악구 봉천동 1번지 783호,"서울특별시 관악구 청림5길 87, 2층 (봉천동)",37.4917481089956,126.959543473961,청림동
CU 관악트윈스점,영업/정상,서울특별시 관악구 봉천동 872번지 20호,서울특별시 관악구 양녕로6길 78 (봉천동),37.4835032415789,126.950727513268,중앙동
CU 신림행운점,영업/정상,서울특별시 관악구 신림동 1580번지 4호,서울특별시 관악구 남부순환로172길 39 (신림동),37.4827327805389,126.923743249296,신원동
지에스25 봉천블루밍점,영업/정상,서울특별시 관악구 봉천동 1718번지,"서울특별시 관악구 은천로 93, 501동 318호 (봉천동, 벽산블루밍상가)",37.4873527233282,126.945428874003,은천동
GS25 신림장원점,영업/정상,서울특별시 관악구 신림동 251번지 420호 지하1층,"서울특별시 관악구 신림로11길 87, 지하1층 (신림동)",37.4665340745487,126.938782950462,대학동
CU 관악딸부자점,영업/정상,서울특별시 관악구 봉천동 30번지 4호,서울특별시 관악구 행운1길 117 (봉천동),37.4837454491788,126.956020610273,행운동
CU 관악네잎클로버점,영업/정상,서울특별시 관악구 신림동 470번지 15호,서울특별시 관악구 관천로15길 27 (신림동),37.4865773795034,126.920995713655,신사동
GS25 봉천가람점,영업/정상,,서울특별시 관악구 국회단지길 110 (봉천동),37.4904054833329,126.942321949066,은천동
CU 신림사거리점,영업/정상,"서울특별시 관악구 신림동 1432번지 76호 동산빌딩, 1층","서울특별시 관악구 신림로 351, 1층 (신림동, 동산빌딩)",37.4856471806983,126.929244209238,신림동
(주)코리아세븐 관악드림점,영업/정상,"서울특별시 관악구 봉천동 480번지 3호 106호, 107호","서울특별시 관악구 은천로25길 69, 106호, 107호 (봉천동)",37.4890682965874,126.948355993845,성현동
씨유 관악봉천점,영업/정상,서울특별시 관악구 봉천동 943-1,"서울특별시 관악구 봉천로29길 9, 1층 (봉천동)",37.4847421170696,126.939988311885,은천동
씨유 관악광신점,영업/정상,서울특별시 관악구 신림동 342-9,"서울특별시 관악구 원신길 134, 1층 (신림동)",37.4670751496099,126.930201078646,삼성동
GS25 관악법원단지점,영업/정상,서울특별시 관악구 신림동 610번지 140호 1층 B02호,"서울특별시 관악구 법원단지21길 2, 1층 B02호 (신림동)",37.4750718935698,126.922823215702,난곡동
씨유 관악무지개점,영업/정상,서울특별시 관악구 봉천동 1609번지 4호 1층,"서울특별시 관악구 관악로12길 48, 1층 (봉천동)",37.4776789534729,126.955057311011,낙성대동
GS25 신림조원점,영업/정상,서울특별시 관악구 신림동 563번지 59호 1층,"서울특별시 관악구 남부순환로141길 29, 1층 (신림동)",37.482395258031,126.909206849733,조원동
씨유 관악장군점,영업/정상,서울특별시 관악구 봉천동 1520번지 27호 지하1층 B01호,"서울특별시 관악구 장군봉2길 29, 지하1층 (봉천동, B01호)",37.4828595738122,126.938631469511,청룡동
지에스(GS)25 남현으뜸점,영업/정상,서울특별시 관악구 남현동 602번지 121호,"서울특별시 관악구 승방길 71, 지하1층 (남현동, 한성파크)",37.4725073229283,126.97834855921,남현동
365플러스(봉천두산점),영업/정상,서울특별시 관악구 봉천동 904번지 4호 1층,"서울특별시 관악구 봉천로33나길 20, 1층 (봉천동)",37.4855354534246,126.943080760028,은천동
씨유 관악신사로점,영업/정상,서울특별시 관악구 신림동 497번지 1호 1층,"서울특별시 관악구 신사로 136, 1층 (신림동)",37.4889314286717,126.916904066043,신사동
GS25 봉천역점,영업/정상,서울특별시 관악구 봉천동 926번지 33호 1층 1호,"서울특별시 관악구 남부순환로 1733, 1층 1호 (봉천동)",37.4825535910402,126.942759661044,은천동
씨유 뉴관악센트럴점,영업/정상,서울특별시 관악구 신림동 409-16,"서울특별시 관악구 서원길 4, 지하1층 (신림동)",37.4776374300584,126.932700531704,서원동
GS25 관악신림로점,영업/정상,서울특별시 관악구 신림동 1420번지 30호 1층,"서울특별시 관악구 신림로66길 25, 1층 (신림동)",37.4856434006504,126.931080436397,신림동
CU 관악미림점,영업/정상,서울특별시 관악구 신림동 1559번지 20호 1층,"서울특별시 관악구 호암로20길 1, 1층 (신림동)",37.467793136754,126.932163482267,대학동
씨유 관악미리내점,영업/정상,서울특별시 관악구 신림동 96-38,"서울특별시 관악구 서림길 22, 1층 (신림동)",37.4751081766415,126.937741644199,서림동
GS25 관악스타힐스점,영업/정상,서울특별시 관악구 봉천동 10번지 4호 1층 1-5호,"서울특별시 관악구 청림3길 10, 1층 1-5호 (봉천동)",37.4886505222551,126.95950602146,청림동
씨유 사당남현,영업/정상,서울특별시 관악구 남현동 602번지 42호 1층,"서울특별시 관악구 남현3길 62, 1층 (남현동)",37.4750607195465,126.980019409957,남현동
씨유 관악진우점,영업/정상,서울특별시 관악구 신림동 1576번지 23호 1층,"서울특별시 관악구 남부순환로 1536, 1층 (신림동, 은성빌딩)",37.4827774089254,126.921313240377,미성동
씨유 관악청룡점,영업/정상,서울특별시 관악구 봉천동 1531-32,서울특별시 관악구 장군봉6길 1(봉천동),37.481291719243,126.939486930695,청룡동
GS25 관악고시촌점,영업/정상,서울특별시 관악구 신림동 1538번지 1층,"서울특별시 관악구 호암로24길 74, 1층 (신림동, 유림재고시연구원)",37.4691760114067,126.9372234006,대학동
씨유 뉴관악리베로점,영업/정상,서울특별시 관악구 신림동 1458-23,"서울특별시 관악구 신림동길 32-1, 1층 (신림동)",37.4870027341378,126.925129331033,신림동
GS25 신림영락점,영업/정상,서울특별시 관악구 신림동 98번지 427호 금성하이츠빌라 101호,"서울특별시 관악구 복은길 128, 101호 (신림동, 금성하이츠빌라)",37.4749875547747,126.94296406402,서림동
씨유 관악에스식스점,영업/정상,서울특별시 관악구 신림동 378번지 4호 1층,"서울특별시 관악구 양지5길 2, 1층 (신림동)",37.4715572281427,126.931278994466,삼성동
CU 보라매산들점,영업/정상,서울특별시 관악구 신림동 1446번지 1호,"서울특별시 관악구 봉천로 188, 1층 (신림동)",37.4896456355184,126.922300522129,신림동
씨유 관악청림점,영업/정상,서울특별시 관악구 봉천동 1000번지 2동 1층 7호,"서울특별시 관악구 관악로 306, 2동 1층 7호 (봉천동, 현대상가)",37.4910650488657,126.956728359528,청림동
지에스25 뉴신림신원점,영업/정상,서울특별시 관악구 신림동 1583-23,"서울특별시 관악구 남부순환로168길 42, 지하1층 및 1층 (신림동)",37.481055057786,126.924234169419,신원동
(주)코리아세븐 관악색동점,영업/정상,서울특별시 관악구 신림동 1428번지 20호,서울특별시 관악구 신림로70길 7 (신림동),37.4877803012501,126.929217774021,신림동
GS25 관악영락점,영업/정상,서울특별시 관악구 봉천동 919번지 15호 1층,"서울특별시 관악구 청룡8길 28, 1층 (봉천동)",37.4801040339904,126.944492246209,청룡동
(주)코리아세븐 신림문화점,영업/정상,서울특별시 관악구 신림동 1438번지 2호,"서울특별시 관악구 신림동길 15 (신림동, 강남하우스)",37.4871164726381,126.927051749671,신림동
(주)코리아세븐 신림고시촌점,영업/정상,서울특별시 관악구 신림동 1533번지 3호,서울특별시 관악구 신림로23길 34 (신림동),37.4695375367158,126.934638015039,대학동
GS25 신림트라움점,영업/정상,서울특별시 관악구 신림동 1433번지 55호,"서울특별시 관악구 신림로65길 27, 102,103호 (신림동, 프라비다트라움)",37.4848187225214,126.928081647142,신림동
(주)코리아세븐 관악호암로점,영업/정상,서울특별시 관악구 신림동 1532번지 20호,서울특별시 관악구 호암로22길 21 (신림동),37.4690242164366,126.933963708777,대학동
씨유 관악한샘점,영업/정상,서울특별시 관악구 봉천동 41번지 177호,"서울특별시 관악구 은천로39길 13, 1층 (봉천동)",37.4865975007901,126.955062484301,성현동
GS25 삼성산주공점,영업/정상,서울특별시 관악구 신림동 1714번지,"서울특별시 관악구 호암로 399, 상가동 B105호 (신림동, 삼성산주공아파트)",37.4613714617228,126.925454992929,삼성동
씨유 관악예술인점,영업/정상,서울특별시 관악구 남현동 1054번지 10호 1층,"서울특별시 관악구 남부순환로260길 10, 1층 (남현동)",37.475620478644,126.973422173566,남현동
위드미 관악난향점,영업/정상,서울특별시 관악구 신림동 1735번지 7호,"서울특별시 관악구 난곡로 60, B102,B103호 (신림동, 산타플러스빌딩)",37.4608681432511,126.919395468118,난향동
씨유 관악국회단지점,영업/정상,서울특별시 관악구 봉천동 634번지 81호,서울특별시 관악구 국회단지길 36 (봉천동),37.4876375405292,126.94023294277,은천동
씨유 관악서원점,영업/정상,서울특별시 관악구 신림동 1641번지 82호,"서울특별시 관악구 신림로 274, 1층 (신림동)",37.4792995582775,126.931821142646,서원동
씨유 관악파인빌점,영업/정상,서울특별시 관악구 봉천동 464번지 41호 107호,"서울특별시 관악구 중앙길 133, 1층 107호 (봉천동, 은선파인빌)",37.4862827022556,126.947858599044,중앙동
GS25 신림미림점,영업/정상,서울특별시 관악구 신림동 305번지 26호,"서울특별시 관악구 호암로 538, 1층 (신림동)",37.4655782586336,126.931672186858,삼성동
(주)코리아세븐 남현이즈빌점,영업/정상,서울특별시 관악구 남현동 1058번지 7호,"서울특별시 관악구 남현1길 9, 1층 102호 (남현동, 현대이즈빌아파트)",37.4759921793702,126.977968711854,남현동
GS25 신림빌리지점,영업/정상,서울특별시 관악구 신림동 465번지 1호,"서울특별시 관악구 관천로11길 41, 1층 (신림동, 희래빌딩)",37.4839225775033,126.922657856346,신사동
씨유 관악이글점,영업/정상,서울특별시 관악구 봉천동 1674번지 4호 1층,"서울특별시 관악구 남부순환로 1873, 1층 (봉천동, 대주빌딩)",37.4795481840524,126.957986449117,행운동
GS25 관악원당점,영업/정상,서울특별시 관악구 봉천동 1668번지 19호 1층,"서울특별시 관악구 행운1길 81, 1층 (봉천동)",37.4822186207636,126.956076679848,행운동
씨유 관악향산점,영업/정상,서울특별시 관악구 봉천동 911번지 14호 1층,"서울특별시 관악구 양녕로 11, 1층 (봉천동, 향산빌딩)",37.4831512867365,126.946335991292,은천동
CU 신림동희점,영업/정상,서울특별시 관악구 신림동 108번지 103호,"서울특별시 관악구 신림로22길 24, 1층 (신림동)",37.4723367394854,126.935684662235,서림동
(주)코리아세븐 관악미림점,영업/정상,서울특별시 관악구 신림동 254번지 254호,서울특별시 관악구 호암로20길 67 (신림동),37.467093875724,126.935734030822,대학동
CU 관악승리점,영업/정상,서울특별시 관악구 신림동 1465번지 4호,"서울특별시 관악구 관천로 73-1, 1층 (신림동)",37.4852021301622,126.923954549756,신사동
GS25 신림미성점,영업/정상,서울특별시 관악구 신림동 1661번지,"서울특별시 관악구 시흥대로166길 14, 1층 (신림동, 골드마인빌딩)",37.4826377755505,126.902493077241,조원동
CU 낙성대입구점,영업/정상,서울특별시 관악구 봉천동 1628번지 3호 1층,"서울특별시 관악구 낙성대로 9, 1층 (봉천동)",37.4775364405334,126.959623492141,낙성대동
GS25 관악미성점,영업/정상,서울특별시 관악구 신림동 1488번지 1호,"서울특별시 관악구 남부순환로144길 24, 101호 (신림동)",37.4801746982701,126.912641124568,미성동
GS25 봉천낙성점,영업/정상,서울특별시 관악구 봉천동 1685번지 1호 1층,"서울특별시 관악구 행운2길 52, 1층 (봉천동, 칠성빌딩)",37.4785357798027,126.961604735187,행운동
씨유 신림카페점,영업/정상,서울특별시 관악구 신림동 92번지 280호,"서울특별시 관악구 신림로 228, 1층 (신림동)",37.4776873576973,126.936130492002,서원동
세븐일레븐 관악청솔점,영업/정상,서울특별시 관악구 신림동 504번지 1호,"서울특별시 관악구 조원로 118, 1층 (신림동)",37.4850194486152,126.915528868423,신사동
GS25 관악아미움점,영업/정상,서울특별시 관악구 봉천동 1522번지 30호 상가동 101호,"서울특별시 관악구 장군봉1길 16, 상가동 101호 (봉천동, 청룡동금강아미움아파트)",37.4818341038672,126.940865739318,청룡동
지에스25 신림리치,영업/정상,서울특별시 관악구 신림동 530-11 은지빌 1층,"서울특별시 관악구 조원로18길 25, 은지빌 1층 (신림동)",37.4829608537505,126.913822225159,조원동
세븐일레븐 신림사랑점,영업/정상,서울특별시 관악구 신림동 499-56,"서울특별시 관악구 신사로10길 13, 1층 (신림동)",37.487031999244,126.914858132356,신사동
GS25 관악대성점,영업/정상,서울특별시 관악구 봉천동 1598번지 35호,"서울특별시 관악구 관악로12길 17, 1층 (봉천동)",37.4781789935059,126.953377440912,낙성대동
GS25 신림정문점,영업/정상,서울특별시 관악구 신림동 676번지 41호,"서울특별시 관악구 난향길 18, 1층 (신림동)",37.462859516209,126.91789314813,난향동
(주)코리아세븐 관악청룡로점,영업/정상,서울특별시 관악구 봉천동 898번지 4호 101호,"서울특별시 관악구 청룡길 45, 101호 (봉천동, 참소망타운)",37.479746986145,126.946096705587,청룡동
GS25 뉴신림로데오점,영업/정상,서울특별시 관악구 신림동 1454번지 1호,"서울특별시 관악구 봉천로6길 30, 1층 (신림동)",37.488339342599,126.925498986348,신림동
GS25 행운푸르지오점,영업/정상,"서울특별시 관악구 봉천동 1728번지 상가동 B01,B호","서울특별시 관악구 행운10길 15, 상가동 B01,B02호 (봉천동, 관악파크푸르지오아파트)",37.4820083335878,126.962084265391,행운동
씨유 봉천승리점,영업/정상,서울특별시 관악구 봉천동 100번지 114호,"서울특별시 관악구 행운7길 16, B1층 (봉천동)",37.4824139653539,126.959893915035,행운동
GS25 신림신화점,영업/정상,서울특별시 관악구 신림동 407번지 11호,"서울특별시 관악구 신림로 195, 1층 (신림동)",37.475201120268,126.935979535104,서림동
씨유 신림조원점,영업/정상,서울특별시 관악구 신림동 551번지 29호,"서울특별시 관악구 조원로15길 27, 1층 (신림동, 써밋)",37.4851623535135,126.90957085662,조원동
(주)코리아세븐 신림패션점,영업/정상,서울특별시 관악구 신림동 1431번지 1호,"서울특별시 관악구 신림로 373, 1층 (신림동)",37.4874036278859,126.928532582324,신림동
CU 관악한울점,영업/정상,서울특별시 관악구 봉천동 874번지 4호 1층,"서울특별시 관악구 남부순환로 1801 (봉천동, 라피스빌딩)",37.481822085014,126.950381855439,중앙동
GS25관악KT점,영업/정상,서울특별시 관악구 신림동 1688번지 12호 1층,서울특별시 관악구 조원중앙로 7 (신림동),37.480520228487,126.904260020483,조원동
이마트24 관악부흥점,영업/정상,서울특별시 관악구 신림동 1666번지 2호,서울특별시 관악구 조원로2길 54 (신림동),37.4814551662605,126.901256815373,조원동
세븐일레븐 관악신원점,영업/정상,서울특별시 관악구 신림동 1604번지 23호,"서울특별시 관악구 남부순환로168가길 47, 1층 (신림동)",37.4805971333402,126.926901273155,신원동
세븐일레븐 신림지영점,영업/정상,서울특별시 관악구 신림동 462번지 5호 트윈타워,"서울특별시 관악구 관천로 91, 1층 (신림동)",37.4866000850009,126.922629655521,신사동
GS25 봉천해오름,영업/정상,서울특별시 관악구 봉천동 1722번지 제창그로힐아파트,"서울특별시 관악구 남부순환로 1979, B동 지하1층 B01호 (봉천동, 제창그로힐아파트)",37.4758373235177,126.968538198593,행운동
세븐일레븐 서울대한울점,영업/정상,서울특별시 관악구 봉천동 867번지 10호 한울오피스텔,"서울특별시 관악구 관악로15길 23-16, 한울오피스텔 1층 (봉천동)",37.4795946588603,126.950712442589,청룡동
(주)코리아세븐 관악타워점,영업/정상,서울특별시 관악구 봉천동 875번지 1호 관악캠퍼스타워,"서울특별시 관악구 남부순환로 1802, 101, 102호 (봉천동, 관악캠퍼스타워)",37.4811700742595,126.950284940868,청룡동
(주)코리아세븐 우림난우점,영업/정상,서울특별시 관악구 신림동 637번지 4호,"서울특별시 관악구 난곡로24길 1, 1층 (신림동)",37.4700072571314,126.920291819788,난곡동
GS25 봉천우성점,영업/정상,서울특별시 관악구 봉천동 21번지 15호,서울특별시 관악구 관악로28길 20 (봉천동),37.4850822544244,126.957190071396,행운동
GS25 서울대제일점,영업/정상,서울특별시 관악구 봉천동 1594번지 1호,"서울특별시 관악구 관악로 104, 지층 (봉천동)",37.4744395745586,126.953254390186,낙성대동
GS25 인헌중앙점,영업/정상,서울특별시 관악구 봉천동 180번지 112호,"서울특별시 관악구 인헌길 100, 1층 (봉천동)",37.4711340668726,126.967271340392,인헌동
세븐일레븐 관악조원점,영업/정상,서울특별시 관악구 신림동 532번지 26호,"서울특별시 관악구 조원로 92, 1층 (신림동)",37.4844355789635,126.912534517229,조원동
지에스25 신림가온,영업/정상,서울특별시 관악구 봉천동 711-4 대성빌딩,"서울특별시 관악구 당곡길 36, 대성빌딩 1층 (봉천동)",37.4909210289001,126.928910070872,보라매동
지에스25 신림주공점,영업/정상,서울특별시 관악구 신림동 1704번지 2호 신림1단지주공아파트,"서울특별시 관악구 광신길 210, A상가동 103, 105, 106호 (신림동)",37.4665391101071,126.929094584343,삼성동
지에스25 (GS25) 관악탑,영업/정상,서울특별시 관악구 남현동 1078번지 2호,"서울특별시 관악구 남현길 79, 1층 (남현동)",37.4732611559997,126.975808575744,남현동
GS25 유신림마음,영업/정상,서울특별시 관악구 신림동 1640번지 47호,"서울특별시 관악구 신림로59길 6, 1층 (신림동)",37.4830724228773,126.929484750279,서원동
세븐일레븐 관악봉천점,영업/정상,서울특별시 관악구 봉천동 1526번지 3호,"서울특별시 관악구 남부순환로206길 34, 지하1층 (봉천동)",37.4808586611936,126.941751547595,청룡동
세븐일레븐 봉천태영점,영업/정상,서울특별시 관악구 봉천동 971번지 1호,서울특별시 관악구 보라매로 4 (봉천동),37.4899597205932,126.92797868299,보라매동
세븐일레븐 관악 남현점,영업/정상,서울특별시 관악구 남현동 1056번지 6호,"서울특별시 관악구 남부순환로262길 11, 1층 (남현동)",37.4756927449197,126.975100984753,남현동
세븐일레븐 서울대샤로수점,영업/정상,서울특별시 관악구 봉천동 1604번지 13호,"서울특별시 관악구 관악로14길 34, 1층 (봉천동)",37.4788487371119,126.954360400952,낙성대동
지에스25 관악녹두,영업/정상,서울특별시 관악구 신림동 1514번지 7호 대관,"서울특별시 관악구 호암로26길 9, 1층 (신림동)",37.4708687544003,126.934267422572,대학동
씨유 신림우리점,영업/정상,서울특별시 관악구 신림동 1417번지 5호,"서울특별시 관악구 신림로68길 35, 1층 (신림동)",37.4866732270232,126.931345542906,신림동
씨유관악구청점,영업/정상,서울특별시 관악구 봉천동 1572번지 15호,"서울특별시 관악구 쑥고개로 124, 1층 (봉천동)",37.4787654493778,126.950256912837,청룡동
지에스(GS)25중앙한가온,영업/정상,서울특별시 관악구 봉천동 50번지 176호,서울특별시 관악구 중앙길 78 (봉천동),37.485423848405,126.950768991519,중앙동
(주)코리아세븐 신림대학스타점,영업/정상,서울특별시 관악구 신림동 1531번지 1호,서울특별시 관악구 호암로24길 6 (신림동),37.469902376597,126.933544333443,대학동
씨유 관악푸른점,영업/정상,서울특별시 관악구 봉천동 196번지 239호,"서울특별시 관악구 낙성대역길 61, 1층 (봉천동)",37.4752479196308,126.962489807967,인헌동
(주)코리아세븐 관악점,영업/정상,서울특별시 관악구 봉천동 851번지 30호,"서울특별시 관악구 관악로 192, 1층 (봉천동)",37.4821877723896,126.953630019765,행운동
지에스25(GS25) 관악은혜점,영업/정상,서울특별시 관악구 신림동 94번지 95호,"서울특별시 관악구 신림로36길 22, 1층 (신림동)",37.4758726085032,126.938631869596,서림동
GS25 보라매본점,영업/정상,서울특별시 관악구 봉천동 670번지 87호,"서울특별시 관악구 봉천로13나길 5, 지하1층, 1층 (봉천동)",37.489240499303,126.930626986618,보라매동
씨유 관악동아타운점,영업/정상,서울특별시 관악구 봉천동 7번지 312호 동아타운21아파트,"서울특별시 관악구 관악로37길 15, 1층 (봉천동, 동아타운21아파트)",37.4889674727778,126.957139232908,성현동
지에스25(GS25) 관악성진점,영업/정상,서울특별시 관악구 신림동 1664번지 14호,"서울특별시 관악구 조원중앙로1길 54, 1층 (신림동)",37.4802303785985,126.901633107168,조원동
세븐일레븐 관악정옥점,영업/정상,서울특별시 관악구 봉천동 877번지 1호,서울특별시 관악구 관악로15길 39 (봉천동),37.4803185783904,126.950184316356,청룡동
GS25 봉천래인점,영업/정상,서울특별시 관악구 봉천동 41번지 202호,"서울특별시 관악구 은천로35나길 2, 지하1층 (봉천동)",37.4869411568683,126.953922985901,성현동
씨유 관악첼시점,영업/정상,서울특별시 관악구 봉천동 713번지 146호,"서울특별시 관악구 당곡6나길 33, C동 지1층 101호 (봉천동)",37.4925873634371,126.931523203927,보라매동
씨유 낙성대역점,영업/정상,서울특별시 관악구 봉천동 1632번지 10호,"서울특별시 관악구 봉천로 604-1, 1층 (봉천동)",37.4758441087801,126.964203396611,인헌동
씨유 관악스마일점,영업/정상,서울특별시 관악구 신림동 610번지 319호,"서울특별시 관악구 법원단지길 149, 지하층 01호 (신림동)",37.476125880801,126.924757496638,난곡동
씨유 뉴낙성인헌점,영업/정상,서울특별시 관악구 봉천동 1637-28 1층 일부,"서울특별시 관악구 인헌길 18, 1층 일부 (봉천동)",37.474768322866,126.966737961022,인헌동
씨유 신림리더스점,영업/정상,서울특별시 관악구 신림동 412번지 366호,"서울특별시 관악구 문성로38길 67, 1층 (신림동)",37.4755308568154,126.930193441703,서원동
지에스25 조원중앙,영업/정상,서울특별시 관악구 신림동 563번지 14호,"서울특별시 관악구 조원중앙로2길 51, 1층 (신림동)",37.481343499455,126.907680775096,조원동
씨유 관악서림점,영업/정상,서울특별시 관악구 신림동 103번지 91호,"서울특별시 관악구 서림3길 32, 1층 (신림동)",37.4728176344284,126.940016386988,서림동
GS25 봉천인헌점,영업/정상,서울특별시 관악구 봉천동 1646번지 28호,"서울특별시 관악구 인헌9길 28, 1층 (봉천동)",37.4726740623586,126.968219597466,인헌동
씨유 난곡정복점,영업/정상,서울특별시 관악구 신림동 756번지 16호,"서울특별시 관악구 난곡로 235, 1층 (신림동)",37.4752959742973,126.916463224891,미성동
씨유 서울대학교신양점,영업/정상,서울특별시 관악구 신림동 산 56번지 1호 서울대학교,"서울특별시 관악구 관악로 1, 서울대학교 16-1동 1층 (신림동)",37.4662872666604,126.94815644252,대학동
세븐일레븐 신림한양점,영업/정상,서울특별시 관악구 신림동 457번지 1호,"서울특별시 관악구 관천로 137, 101호 (신림동)",37.4890756145583,126.91967555465,신사동
이마트24 R관악청룡점,영업/정상,서울특별시 관악구 봉천동 1577번지 29호,"서울특별시 관악구 청룡중앙길 12, 1층 (봉천동)",37.4785674033303,126.947134627511,청룡동
GS25 낙성대점,영업/정상,서울특별시 관악구 봉천동 1626-35,"서울특별시 관악구 관악로12길 105, 1층 (봉천동)",37.4773155348283,126.958132862202,낙성대동
지에스25 뉴관악햇살점,영업/정상,서울특별시 관악구 신림동 608-18,"서울특별시 관악구 법원단지5길 5, 2층 (신림동)",37.4745946793449,126.919390451401,미성동
지에스25 낙성대역점,영업/정상,서울특별시 관악구 봉천동 1687-23 우송빌딩,"서울특별시 관악구 남부순환로 1937, 우송빌딩 1층 (봉천동)",37.4769217690137,126.964677712885,행운동
지에스25(GS25) 서울대역점,영업/정상,서울특별시 관악구 봉천동 1597-1 우남네오폴리스,서울특별시 관악구 관악로 144 (봉천동),37.4779373944062,126.952601346066,낙성대동
지에스25 관악스마일점,영업/정상,서울특별시 관악구 신림동 1678-20,"서울특별시 관악구 난곡로34나길 17, 1층 (신림동)",37.4727778556678,126.921491036163,난곡동
세븐일레븐 관악평화점,영업/정상,서울특별시 관악구 신림동 469-2,서울특별시 관악구 조원로 160-1 (신림동),37.4858478526273,126.920086621623,신사동
(주)코리아세븐 사당역점,영업/정상,서울특별시 관악구 남현동 1061-2,"서울특별시 관악구 남현1길 66, 1층 (남현동)",37.4757184581365,126.981123762876,남현동
지에스25 신대방노블점,영업/정상,서울특별시 관악구 신림동 529-13,"서울특별시 관악구 난곡로 332, 1층 (신림동)",37.4836205558833,126.914419693814,신사동
CU 남부순환로점,영업/정상,서울특별시 관악구 신림동 10-621 관동캐슬오피스텔,"서울특별시 관악구 남부순환로 1680, 관동캐슬오피스텔 101호 (신림동)",37.4840824266542,126.937097299683,서원동
CU 관악모임점,영업/정상,서울특별시 관악구 봉천동 1536-12,"서울특별시 관악구 쑥고개로 27, 1동 1층 (봉천동)",37.4784644162082,126.939787455342,청룡동
(주)코리아세븐 관악힐스점,영업/정상,서울특별시 관악구 봉천동 635-291,서울특별시 관악구 국회단지길 74 (봉천동),37.4887299997167,126.941832049884,은천동
씨유 관악이레점,영업/정상,서울특별시 관악구 신림동 1741 풍원하임빌,"서울특별시 관악구 남부순환로194길 43, 103동 B02호 (신림동, 풍원하임빌)",37.4828792362125,126.935456961287,서원동
씨유 관악남현점,영업/정상,서울특별시 관악구 남현동 1061-22,"서울특별시 관악구 과천대로 945, 1층 (남현동)",37.4749812931684,126.981384193776,남현동
씨유 관악리치점,영업/정상,서울특별시 관악구 신림동 1740 다숲,"서울특별시 관악구 미성3길 50, B01호 (신림동, 다숲)",37.4725787783939,126.917977365157,난곡동
(주)코리아세븐 관악대학촌점,영업/정상,서울특별시 관악구 신림동 103-276 청운빌딩,"서울특별시 관악구 서림3길 70, 청운빌딩 1층 (신림동)",37.4714745330092,126.941341575288,서림동
(주)코리아세븐 관악복마을점,영업/정상,서울특별시 관악구 신림동 103-187 보람하우스,"서울특별시 관악구 서림3길 53, 지층 (신림동)",37.4720976444521,126.940925073351,서림동
씨유 신림에코리움점,영업/정상,서울특별시 관악구 신림동 1638-1 삼모 더 프라임 타워,"서울특별시 관악구 신원로 35, 1층 (신림동)",37.4823122359729,126.929023376476,서원동
(주)코리아세븐 서울대드림점,영업/정상,서울특별시 관악구 봉천동 863-4,서울특별시 관악구 관악로 157 (봉천동),37.4794586323098,126.952089586254,청룡동
세븐일레븐 관악소망점,영업/정상,서울특별시 관악구 봉천동 713-99,"서울특별시 관악구 당곡6길 46, 1층 (봉천동)",37.4921747240525,126.929870948589,보라매동
씨유 신림중앙점,영업/정상,서울특별시 관악구 신림동 1552,"서울특별시 관악구 대학10길 21, 1층 (신림동)",37.467560889936,126.936437761687,대학동
지에스25보라매삼성,영업/정상,서울특별시 관악구 봉천동 1698-1 보라매삼성아파트,"서울특별시 관악구 보라매로 62, 113,114,115호 (봉천동, 보라매삼성아파트)",37.4948015028766,126.927602560192,보라매동
지에스25 관악블루점,영업/정상,서울특별시 관악구 봉천동 62-19,"서울특별시 관악구 관악로 208-40, 1층 (봉천동)",37.483111862503,126.954833242716,행운동
씨유 신림테라스점,영업/정상,서울특별시 관악구 신림동 1515-5 신림빌딩,"서울특별시 관악구 호암로26길 47, 1층 (신림동)",37.4704845600256,126.936234178886,대학동
지에스25 관악복은길,영업/정상,서울특별시 관악구 신림동 108-107,"서울특별시 관악구 신림로30길 21, 1층 (신림동)",37.4731803375047,126.935817676575,서림동
지에스25 관악봉림점,영업/정상,서울특별시 관악구 봉천동 1533-1 서안주택,"서울특별시 관악구 장군봉7길 2, B01호 (봉천동, 서안주택)",37.4805811588285,126.939438548588,청룡동
씨유 신림샛별점,영업/정상,서울특별시 관악구 신림동 611-73 삼성맨션3차,"서울특별시 관악구 법원단지17길 2, 지층 B03호 (신림동, 삼성맨션3차)",37.4746796667126,126.922110264486,난곡동
씨유 관악은하점,영업/정상,서울특별시 관악구 신림동 482-37,"서울특별시 관악구 남부순환로161길 40, 1층 (신림동)",37.4845845499244,126.920087854139,신사동
(주)코리아세븐 관악국화점,영업/정상,서울특별시 관악구 신림동 711-91,"서울특별시 관악구 난곡로31길 30, 1층 (신림동)",37.4707126839239,126.918480534738,난곡동
씨유 관악대로점,영업/정상,서울특별시 관악구 신림동 566-8,"서울특별시 관악구 남부순환로 1403, 1층 103호 (신림동)",37.4806427470477,126.906486814893,조원동
세븐일레븐 관악센터점,영업/정상,서울특별시 관악구 봉천동 871-14,"서울특별시 관악구 봉천로49길 15, 1층 (봉천동)",37.4831498116307,126.951907570381,중앙동
서울관악지역자활센터 GS25신림문성점,영업/정상,서울특별시 관악구 신림동 1633-3,"서울특별시 관악구 문성로 246, 1층 (신림동)",37.4784831283486,126.930693234692,서원동
지에스25 신림두림점,영업/정상,서울특별시 관악구 신림동 1411-9,"서울특별시 관악구 남부순환로 1648, 1층 (신림동)",37.484511186246,126.93390587138,서원동
지에스25신림난우점,영업/정상,서울특별시 관악구 신림동 585-82,"서울특별시 관악구 난우길 51, 1층 (신림동)",37.4771477468735,126.916743801572,미성동
지에스25(GS25) 관악당곡점,영업/정상,서울특별시 관악구 봉천동 961-13,서울특별시 관악구 남부순환로191길 8(봉천동),37.4855850135015,126.934400954139,은천동
세븐일레븐 봉천 샛별점,영업/정상,서울특별시 관악구 봉천동 968-3 금성빌딩,"서울특별시 관악구 봉천로 295-1, 금성빌딩 1층 (봉천동)",37.4871106117836,126.933936371684,보라매동
씨유(CU) 관악인헌길점,영업/정상,서울특별시 관악구 봉천동 180-531 태양빌딩,"서울특별시 관악구 인헌12길 42, 태양빌딩 1층 (봉천동)",37.470783025146,126.965041217105,인헌동
지에스25 신림센트럴점,영업/정상,서울특별시 관악구 신림동 1568-36,"서울특별시 관악구 난곡로 292, 1층 (신림동)",37.4800271879026,126.915092199722,미성동
(주)코리아세븐 봉천역점,영업/정상,서울특별시 관악구 봉천동 931-8 신우빌딩,"서울특별시 관악구 남부순환로 1715, 신우빌딩 (봉천동)",37.4830375021915,126.940887969037,은천동
씨유 관악시흥대로점,영업/정상,서울특별시 관악구 신림동 1655-16,"서울특별시 관악구 시흥대로 560, 1층 (신림동)",37.4829262301224,126.901999065663,조원동
지에스25 난곡센터점,영업/정상,서울특별시 관악구 신림동 630-7 아름채,"서울특별시 관악구 난곡로30길 27, 101동 101호 (신림동, 아름채)",37.4716120699378,126.921810030065,난곡동
세븐일레븐 드림고시촌점,영업/정상,서울특별시 관악구 신림동 103-264 그린원룸,"서울특별시 관악구 서림3길 18, 그린원룸 1층 (신림동)",37.4733127514514,126.939685887114,서림동
서울관악지역자활센터GS25관악쑥고개점,영업/정상,서울특별시 관악구 봉천동 1568-8,"서울특별시 관악구 쑥고개로 129, 1층 (봉천동)",37.4790248629704,126.950934523553,청룡동
씨유 남강학사점,영업/정상,서울특별시 관악구 신림동 622-1,서울특별시 관악구 난곡로34길 22(신림동),37.472498729122,126.920423023137,난곡동
씨유 관악킹점,영업/정상,서울특별시 관악구 신림동 1486-3,"서울특별시 관악구 남부순환로142길 18, 1층 (신림동)",37.4801474938499,126.911198854147,미성동
지에스25  관악장원점,영업/정상,서울특별시 관악구 신림동 253-3,"서울특별시 관악구 대학길 84, 1층 (신림동)",37.4669936338039,126.937489399665,대학동
씨유 서울대입구역점,영업/정상,서울특별시 관악구 봉천동 852-4,"서울특별시 관악구 남부순환로 1833, 1층 (봉천동)",37.4811233236278,126.953868105986,행운동
지에스25 봉천행운점,영업/정상,서울특별시 관악구 봉천동 98-1 루세빌,"서울특별시 관악구 행운1라길 62, 루세빌 1층 (봉천동)",37.4814238294715,126.958538722476,행운동
지에스25 봉천사랑점,영업/정상,서울특별시 관악구 봉천동 23-19 수성드림빌 101호,"서울특별시 관악구 관악로28길 58, 수성드림빌 1층 101호 (봉천동, 수성드림빌)",37.4845613537221,126.959147546939,행운동
이마트24 R관악신세계점,영업/정상,서울특별시 관악구 신림동 1738 파로스프라자A동,"서울특별시 관악구 난곡로 100, 제A동 B1층 2-4,20-23호 (신림동, 파로스프라자A동)",37.4645001795391,126.919613685063,난향동
지에스(GS25)신림관악점,영업/정상,서울특별시 관악구 신림동 1423-24,서울특별시 관악구 남부순환로181길 27 (신림동),37.4858365982989,126.930655235381,신림동
알뜰유통매장,영업/정상,서울특별시 관악구 신림동 1657 은혜빌딩,"서울특별시 관악구 조원로6길 19, 은혜빌딩 (신림동)",37.482538308436,126.904706871992,조원동
씨유 신림두리점,영업/정상,서울특별시 관악구 신림동 1463-51,"서울특별시 관악구 신림동7길 42, 1층 (신림동)",37.4852325312774,126.926577228796,신림동
지에스(GS)25관악까치점,영업/정상,,서울특별시 관악구 행운길 21 (봉천동),37.4800918271888,126.959198369819,행운동
씨유 관악코리아점,영업/정상,서울특별시 관악구 봉천동 966-9,"서울특별시 관악구 봉천로23길 17, 1층 (봉천동)",37.4873184805391,126.935414245982,보라매동
지에스(GS)25 샤로수길점,영업/정상,서울특별시 관악구 봉천동 1620-18,"서울특별시 관악구 남부순환로234길 23, 1층 (봉천동)",37.4783319296238,126.957034286047,낙성대동
씨유 신림제이점,영업/정상,서울특별시 관악구 신림동 251-26,"서울특별시 관악구 신림로11길 48, 1층 (신림동)",37.4683256547126,126.938628430866,대학동
씨유 신림역제일점,영업/정상,서울특별시 관악구 신림동 1639-19,"서울특별시 관악구 남부순환로 1594-1, 1층 (신림동)",37.4837673800162,126.927858446747,서원동
씨유 관악샛별점,영업/정상,서울특별시 관악구 신림동 533-26,"서울특별시 관악구 조원로 87, 1층 (신림동)",37.4846038989184,126.911943662258,조원동
(주)지에스25뉴신림사랑,영업/정상,서울특별시 관악구 신림동 1431-25,"서울특별시 관악구 신림동1길 21, 1층 (신림동)",37.4865566029204,126.92855340249,신림동
GS25 봉천양녕로점,영업/정상,서울특별시 관악구 봉천동 886-104 지1층,"서울특별시 관악구 봉천로41길 14, 만천B동 지1층 (봉천동)",37.483368136579,126.948099869087,중앙동
씨유 관악써니점,영업/정상,서울특별시 관악구 봉천동 1563-2,"서울특별시 관악구 쑥고개로 55, 1층 (봉천동)",37.4798275316626,126.942642123884,청룡동
씨유 관악쑥고개점,영업/정상,서울특별시 관악구 봉천동 1562-1,"서울특별시 관악구 쑥고개로 74, 1층 (봉천동)",37.4793170457859,126.944584405668,청룡동
지에스(GS)25 봉천동신점,영업/정상,서울특별시 관악구 봉천동 649-54 전망좋은집,"서울특별시 관악구 봉천로21나길 35, 101호 (봉천동, 전망좋은집)",37.4888721487085,126.936188701018,보라매동
지에스25관악신사로,영업/정상,서울특별시 관악구 신림동 498-45,"서울특별시 관악구 신사로 116-1, 1층 (신림동)",37.48790222696,126.915156444572,신사동
세븐일레븐 신림합격점,영업/정상,"서울특별시 관악구 신림동 254-27 , 지하 1층","서울특별시 관악구 대학14길 82, 지하 1층 (신림동)",37.4649514119755,126.934676257841,대학동
씨유 당곡역점,영업/정상,서울특별시 관악구 봉천동 971-15,"서울특별시 관악구 봉천로 241, 1층 (봉천동)",37.4894913927344,126.928598550656,보라매동
지에스한가온(주) 서울대관악사지점,영업/정상,서울특별시 관악구 봉천동 산 4-2 900동,"서울특별시 관악구 관악로 1, 서울대학교 900동 지하2층 (신림동)",37.4662872666604,126.94815644252,대학동
GS25 신림동산점,영업/정상,서울특별시 관악구 신림동 1632-1,"서울특별시 관악구 문성로32길 13, 1층 (신림동)",37.4786345922506,126.928880897838,신원동
씨유 관악해오름점,영업/정상,서울특별시 관악구 신림동 1475-14 해오름홈,"서울특별시 관악구 난곡로57길 4-11, 해오름홈 1층 (신림동)",37.4802385967565,126.914387597958,미성동
씨유 서울대이편한세상점,영업/정상,서울특별시 관악구 봉천동 1730-1 e편한세상 서울대입구 2단지,"서울특별시 관악구 청룡16길 43, 지1층 102호,103호 (봉천동, e편한세상 서울대입구 2단지)",37.4766334506936,126.943195705239,청룡동
씨유 뉴관악플러스점,영업/정상,서울특별시 관악구 신림동 744-4,"서울특별시 관악구 미성8길 1, 1층 (신림동)",37.4742582987926,126.913482326055,미성동
(주)코리아세븐 신림낭만거리점,영업/정상,서울특별시 관악구 신림동 1536-18,"서울특별시 관악구 신림로17길 34, 1층 (신림동)",37.4692569926628,126.936344647512,대학동
씨유 관악프렌즈점,영업/정상,"서울특별시 관악구 봉천동 41-839 1층, 101호, 102호","서울특별시 관악구 은천로 153, 1층 101호, 102호 (봉천동)",37.4864510631326,126.952468877982,성현동
지에스(GS)25 서울대이편한점,영업/정상,서울특별시 관악구 봉천동 1539-12 1층,"서울특별시 관악구 참숯1길 10, 1층 (봉천동)",37.478968692546,126.941910165105,청룡동
지에스(GS)25 관악이편한점,영업/정상,서울특별시 관악구 신림동 95-53,"서울특별시 관악구 참숯5길 12, 1층 (신림동)",37.477064914058,126.940391048487,서림동
지에스(GS)25 봉천현대,영업/정상,서울특별시 관악구 봉천동 148-129 관악미래가아파트,"서울특별시 관악구 솔밭로 24, 지1층 비01호 (봉천동, 관악미래가아파트)",37.4793670934135,126.963735349774,행운동
GS25 신대방역점,영업/정상,,서울특별시 관악구 신사로 86 (신림동),37.4862133043301,126.912462002862,조원동
지에스25 당곡역,영업/정상,서울특별시 관악구 신림동 1429-1,"서울특별시 관악구 신림로 391, 1층 (신림동)",37.4890676251072,126.927818071076,신림동
지에스25 당곡스타점,영업/정상,서울특별시 관악구 신림동 1416-32,"서울특별시 관악구 봉천로 272, 1층 2호 (신림동)",37.4876815118175,126.931133742713,신림동
GS25 봉천아이원점,영업/정상,서울특별시 관악구 봉천동 1575-3,"서울특별시 관악구 청룡9길 1, 1층 (봉천동)",37.4788920252156,126.945914166085,청룡동
지에스(GS)25관악인헌점,영업/정상,서울특별시 관악구 봉천동 207-21,"서울특별시 관악구 낙성대역길 31, 1층 (봉천동)",37.4761178149781,126.961556680848,낙성대동
지에스25 은천삼성,영업/정상,서울특별시 관악구 봉천동 941-4,"서울특별시 관악구 은천로 42, 1층 (봉천동)",37.4859939110675,126.940034120946,은천동
CVS25시,영업/정상,서울특별시 관악구 신림동 725번지 33호,서울특별시 관악구 난곡로 203 (신림동),37.4730965705873,126.918471728046,난곡동
씨유관악레드점,영업/정상,서울특별시 관악구 봉천동 851-10,"서울특별시 관악구 봉천로53길 11, 1층 101호 (봉천동)",37.4824140258053,126.954117521099,행운동
